name,email,mobile
Sarah Reynolds,sarah.reynolds@gmail.com,646-555-0112
Andrew Schmale,aschmale@vikingpsychiatry.com,917-555-0198
Mark Jepson,mjepson@outlook.com,347-555-0134
Sean Goddard,sean.goddard@everyrosepsych.com,929-555-0176
Priya Subramaniam,priyasub23@gmail.com,646-555-0143
Daniel Park,dpark@idahotms.com,208-555-0187
Nadia Morales,nadia.morales.np@yahoo.com,718-555-0129
Craig Sanderson,csanderson@renewwellnessclinic.com,646-555-0155
Kelly Grant,kgrant.psychnp@gmail.com,907-555-0121
Rachel Chen,rchen@mugenpsychiatry.com,212-555-0166
Hannah Silva,hsilva.pmhnp@gmail.com,401-555-0188
Marcus Webb,mwebb@selahhealthgroup.com,503-555-0172
Tanya Singh,tsingh.np@outlook.com,646-555-0119
Chris Torres,ctorres@verafrenchclinic.com,314-555-0141
Amanda Michaels,amanda.michaels.md@gmail.com,646-555-0163
Robert Kim,rkim@westbrookbh.com,206-555-0154
Elena Petrova,epetrova.therapy@yahoo.com,718-555-0137
James O'Connell,joconnell@rootedrecoverypartners.com,617-555-0128
Monique Fields,mfields.msw@gmail.com,646-555-0149
Derek Huang,dhuang@childfamilybh.com,213-555-0181
Lauren Ashby,lauren.ashby.pmhnp@gmail.com,646-555-0158
Victor Nwosu,vnwosu@erpspecialtyclinic.com,857-555-0173
Grace Lindqvist,glindqvist.np@outlook.com,646-555-0192
Samuel Ortiz,sortiz.md@gmail.com,332-555-0117
Bethany Cross,bcross@matoutpatientsoutheast.com,404-555-0161
Wendy Alcott,walcott.telehealth@gmail.com,646-555-0139
Felix Brennan,fbrennan@spravatocenterne.com,617-555-0184
Nora Ibrahim,nibrahim.pmhnp@yahoo.com,646-555-0125
Todd Whitfield,twhitfield@ruralalaskapsych.com,907-555-0146
Cassandra Reyes,creyes.solo@gmail.com,646-555-0169
